pais,escritorio_oms,fonte_dos_dados,data_ultima_atualizacao,data_inicio_vacinacao,total_cumulativo_doses_vacina,cumulativo_de_doses_por_100hab,cumulativo_de_pessoas_com_uma_dose,cumulativo_de_pessoas_com_uma_dose_por_100hab,cumulativo_de_pessoas_totalmente_vacinadas,cumulativo_de_pessoas_totalmente_vacinadas_por_100hab,vacinas_usadas,numero_de_tipos_de_vacina_usados,pessoas_com_dose_adicional,pessoas_com_dose_adicional_por_100hab
Afeganistão,EMRO,REPORTING,2023-05-21,2021-02-22,17479379.0,44.901,15203606,39.055,14502241,37.254,"AstraZeneca - Vaxzevria,Beijing CNBG - BBIBP-CorV,Bharat - Covaxin,CanSino - Convidecia,Gamaleya - Gam-Covid-Vac,Gamaleya - Sputnik-Light,Janssen - Ad26.COV 2-S,Moderna - Spikevax,Pfizer BioNTech - Comirnaty,SII - Covishield,Sinovac - CoronaVac",11.0,1223277.0,3.142
Albânia,EURO,REPORTING,2023-05-14,2021-01-13,3080679.0,107.0,1348396,47.379,1277987,44.905,"AstraZeneca - Vaxzevria,Gamaleya - Gam-Covid-Vac,Pfizer BioNTech - Comirnaty,Pfizer BioNTech - Comirnaty Bivalent Original/Omicron BA.4/BA.5,SII - Covishield,Sinovac - CoronaVac",6.0,399190.0,14.027
Argélia,AFRO,REPORTING,2022-09-04,2021-01-30,15267442.0,34.817,7840131,17.879,6481186,14.78,"Beijing CNBG - BBIBP-CorV,Gamaleya - Gam-Covid-Vac,SII - Covishield,Sinovac - CoronaVac",4.0,575651.0,1.313
Samoa Americana,WPRO,REPORTING,2023-03-29,2020-12-21,114706.0,207.812,46206,83.711,42479,76.959,"Janssen - Ad26.COV 2-S,Moderna - Spikevax,Pfizer BioNTech - Comirnaty",3.0,24160.0,43.77
Andorra,EURO,REPORTING,2023-04-09,2021-01-20,157038.0,203.2,57910,76.02,53496,70.226,"AstraZeneca - Vaxzevria,Moderna - Spikevax,Pfizer BioNTech - Comirnaty,Pfizer BioNTech - Comirnaty Bivalent Original/Omicron BA.4/BA.5",4.0,43067.0,56.535
Angola,AFRO,REPORTING,2023-05-07,2021-03-10,25402678.0,77.291,15745756,47.909,8821410,26.84,SII - Covishield,1.0,2026768.0,6.167
Anguilla,AMRO,REPORTING,2023-05-05,2021-02-05,24604.0,164.005,10854,72.35,10380,69.191,"AstraZeneca - Vaxzevria,Pfizer BioNTech - Comirnaty",2.0,3046.0,20.304
Antígua e Barbuda,AMRO,REPORTING,2023-05-05,2021-03-01,136512.0,139.399,64290,65.65,62384,63.703,"AstraZeneca - Vaxzevria,Beijing CNBG - BBIBP-CorV,Gamaleya - Gam-Covid-Vac,Janssen - Ad26.COV 2-S,Pfizer BioNTech - Comirnaty,SII - Covishield",6.0,9838.0,10.046
Argentina,AMRO,REPORTING,2022-10-07,2020-12-29,109652736.0,242.617,41324100,91.434,37840119,83.725,"AstraZeneca - Vaxzevria,Beijing CNBG - BBIBP-CorV,CanSino - Convidecia,Gamaleya - Gam-Covid-Vac,Moderna - Spikevax,Pfizer BioNTech - Comirnaty,SII - Covishield",7.0,30810184.0,68.17
Armênia,EURO,REPORTING,2023-05-14,2021-01-27,2156999.0,72.8,1122040,37.865,996169,33.618,"AstraZeneca - Vaxzevria,Beijing CNBG - BBIBP-CorV,Gamaleya - Gam-Covid-Vac,Gamaleya - Sputnik-Light,Janssen - Ad26.COV 2-S,Moderna - Spikevax,Pfizer BioNTech - Comirnaty,SII - Covishield,Sinovac - CoronaVac,Wuhan CNBG - Inactivated",10.0,44890.0,1.515
Aruba,AMRO,REPORTING,2023-05-05,2021-02-17,216905.0,203.159,90424,84.694,84253,78.914,"Janssen - Ad26.COV 2-S,Pfizer BioNTech - Comirnaty",2.0,35659.0,33.399
Austrália,WPRO,REPORTING,2023-03-24,2021-02-21,65492360.0,256.834,22231907,87.184,21648824,84.898,"AstraZeneca - Vaxzevria,Janssen - Ad26.COV 2-S,Moderna - Spikevax,Novavax-NUVAXOVID,Pfizer BioNTech - Comirnaty",5.0,14368201.0,56.346
Áustria,EURO,REPORTING,2023-05-14,2020-12-30,20401515.0,229.2,6899733,77.625,6682197,75.072,"AstraZeneca - Vaxzevria,Janssen - Ad26.COV 2-S,Moderna - Spikevax,Moderna – Spikevax Bivalent Original/Omicron BA.1,Novavax-NUVAXOVID,Pfizer BioNTech - Comirnaty,Pfizer BioNTech - Comirnaty Bivalent Original/Omicron BA.1,Pfizer BioNTech - Comirnaty Bivalent Original/Omicron BA.4/BA.5,Unknown Vaccine,Valneva - VLA2001",10.0,5405548.0,60.729
Azerbaijão,EURO,REPORTING,2023-05-14,2021-01-20,13822539.0,136.3,5434010,53.594,4886266,48.192,"AstraZeneca - Vaxzevria,Gamaleya - Gam-Covid-Vac,Gamaleya - Sputnik-Light,Pfizer BioNTech - Comirnaty,Sinovac - CoronaVac",5.0,3502265.0,34.542
Bahamas,AMRO,REPORTING,2023-05-05,2021-03-14,366359.0,93.163,174810,44.453,166972,42.46,"AstraZeneca - Vaxzevria,Janssen - Ad26.COV 2-S,Pfizer BioNTech - Comirnaty,SII - Covishield",4.0,33717.0,8.574
Bahrein,EMRO,REPORTING,2022-12-21,2020-11-04,3476633.0,204.319,1241174,72.943,1226796,72.098,"AstraZeneca - Vaxzevria,Beijing CNBG - BBIBP-CorV,Bharat - Covaxin,CanSino - Convidecia,Gamaleya - Gam-Covid-Vac,Gamaleya - Sputnik-Light,Janssen - Ad26.COV 2-S,Moderna - Spikevax,Pfizer BioNTech - Comirnaty,SII - Covishield,Sinovac - CoronaVac",11.0,1008663.0,59.278
Bangladesh,SEARO,REPORTING,2023-05-23,2021-01-27,358694968.0,217.801,151327605,91.887,139912306,84.955,"AstraZeneca - Vaxzevria,Beijing CNBG - BBIBP-CorV,Gamaleya - Gam-Covid-Vac,Janssen - Ad26.COV 2-S,Moderna - Spikevax,Pfizer BioNTech - Comirnaty,SII - Covishield,Sinovac - CoronaVac",8.0,67455057.0,40.959
Barbados,AMRO,REPORTING,2023-05-05,2021-01-08,381715.0,132.828,163845,57.014,155036,53.949,"AstraZeneca - Vaxzevria,Beijing CNBG - BBIBP-CorV,Janssen - Ad26.COV 2-S,Pfizer BioNTech - Comirnaty,SII - Covishield",5.0,62834.0,21.865
Bielorrússia,EURO,REPORTING,2023-04-16,2021-02-03,21205264.0,224.4,6438808,68.14,6354262,67.246,"Beijing CNBG - BBIBP-CorV,Chumakov - Covi-Vac,Gamaleya - Gam-Covid-Vac,Gamaleya - Sputnik-Light,Unknown Vaccine",5.0,5699425.0,60.316
Bélgica,EURO,REPORTING,2023-05-14,2020-12-30,29117995.0,252.7,9254335,80.316,9158096,79.481,"AstraZeneca - Vaxzevria,Janssen - Ad26.COV 2-S,Moderna - Spikevax,Pfizer BioNTech - Comirnaty",4.0,7244556.0,62.873
Belize,AMRO,REPORTING,2023-05-05,2021-03-01,510696.0,128.436,258443,64.996,221402,55.681,"AstraZeneca - Vaxzevria,Beijing CNBG - BBIBP-CorV,Janssen - Ad26.COV 2-S,Pfizer BioNTech - Comirnaty,SII - Covishield",5.0,50177.0,12.619
Benin,AFRO,REPORTING,2022-12-18,2021-03-29,4232541.0,34.913,3697190,30.497,2742837,22.625,"AstraZeneca - Vaxzevria,Janssen - Ad26.COV 2-S,Pfizer BioNTech - Comirnaty,SII - Covishield,Sinovac - CoronaVac",5.0,,
Bermuda,AMRO,REPORTING,2023-05-05,2021-01-11,132042.0,212.037,48554,77.97,47657,76.529,"AstraZeneca - Vaxzevria,Moderna - Spikevax,Pfizer BioNTech - Comirnaty",3.0,31829.0,51.112
Butão,SEARO,REPORTING,2022-10-30,2021-03-27,2011426.0,260.68,699116,90.605,677669,87.826,"AstraZeneca - Vaxzevria,Beijing CNBG - BBIBP-CorV,Moderna - Spikevax,Pfizer BioNTech - Comirnaty,SII - Covishield",5.0,634641.0,82.249
Bolivia (Plurinational State of),AMRO,REPORTING,2023-05-05,2021-01-30,15966592.0,136.782,7488170,64.149,6291246,53.896,"AstraZeneca - Vaxzevria,Beijing CNBG - BBIBP-CorV,Gamaleya - Gam-Covid-Vac,Janssen - Ad26.COV 2-S,Moderna - Spikevax,Pfizer BioNTech - Comirnaty,SII - Covishield",7.0,2474734.0,21.2
Bonaire,AMRO,REPORTING,2023-05-05,,43070.0,205.929,17460,83.481,16189,77.404,NaN,,8125.0,38.848
"Bonaire, Santo Eustáquio and Sabá",AMRO,OWID,2021-09-01,,35845.0,137.934,19109,73.533,16736,64.401,"Moderna - mRNA-1273, Pfizer BioNTech - Comirnaty",2.0,,
Bósnia e Herzegovina,EURO,REPORTING,2022-01-29,,1924950.0,58.7,943394,28.755,846080,25.789,"AstraZeneca - AZD1222, Pfizer BioNTech - Comirnaty, Sinovac - CoronaVac, Gamaleya - Sputnik V",4.0,,
Botsuana,AFRO,REPORTING,2023-05-07,2021-03-26,3171667.0,134.871,1951054,82.966,1663490,70.738,"Bharat - Covaxin,Janssen - Ad26.COV 2-S,Moderna - Spikevax,Pfizer BioNTech - Comirnaty,SII - Covishield,Sinovac - CoronaVac",6.0,507654.0,21.587
Brasil,AMRO,REPORTING,2023-05-05,2021-01-17,509835734.0,239.856,187249676,88.093,170557580,80.24,"AstraZeneca - Vaxzevria,Janssen - Ad26.COV 2-S,Pfizer BioNTech - Comirnaty,SII - Covishield,Sinovac - CoronaVac",5.0,109913632.0,51.71
Ilhas Virgens Britânicas,AMRO,REPORTING,2023-05-05,2021-02-11,41453.0,137.094,19466,64.378,18261,60.393,"AstraZeneca - Vaxzevria,Janssen - Ad26.COV 2-S,Pfizer BioNTech - Comirnaty",3.0,3726.0,12.323
Brunei Darussalam,WPRO,REPORTING,2023-04-28,2021-04-03,1291978.0,295.323,451032,103.098,446630,102.092,"AstraZeneca - Vaxzevria,Beijing CNBG - BBIBP-CorV,Janssen - Ad26.COV 2-S,Moderna - Spikevax,Pfizer BioNTech - Comirnaty",5.0,340379.0,77.805
Bulgária,EURO,REPORTING,2023-05-14,2020-12-30,4617676.0,66.4,2108296,30.329,2080070,29.923,"AstraZeneca - Vaxzevria,Janssen - Ad26.COV 2-S,Moderna - Spikevax,Pfizer BioNTech - Comirnaty",4.0,832410.0,11.975
Burkina Faso,AFRO,REPORTING,2023-03-19,2021-06-02,6674010.0,31.928,5152110,24.647,4129254,19.754,"Beijing CNBG - BBIBP-CorV,Janssen - Ad26.COV 2-S,SII - Covishield",3.0,,
Burundi,AFRO,REPORTING,2023-05-07,2021-10-18,37417.0,0.315,35150,0.296,34562,0.291,Beijing CNBG - BBIBP-CorV,1.0,308.0,0.003
Cabo Verde,AFRO,REPORTING,2022-09-25,2021-03-18,859940.0,154.669,356734,64.162,308720,55.526,"Beijing CNBG - BBIBP-CorV,Moderna - Spikevax,Pfizer BioNTech - Comirnaty,SII - Covishield",4.0,749.0,0.135
Cambodja,WPRO,REPORTING,2023-05-12,2021-02-10,46942467.0,280.774,15286524,91.432,14658527,87.676,"AstraZeneca - Vaxzevria,Beijing CNBG - BBIBP-CorV,Janssen - Ad26.COV 2-S,Moderna - Spikevax,Pfizer BioNTech - Comirnaty,SII - Covishield,Sinovac - CoronaVac",7.0,10635032.0,63.611
Camarões,AFRO,REPORTING,2023-05-07,2021-04-12,4735141.0,17.838,3656503,13.774,3107836,11.707,"Beijing CNBG - BBIBP-CorV,Janssen - Ad26.COV 2-S,Pfizer BioNTech - Comirnaty,SII - Covishield",4.0,765051.0,2.882
Canadá,AMRO,REPORTING,2023-05-05,2020-12-14,97303025.0,257.81,32645232,86.495,31311576,82.962,"AstraZeneca - Vaxzevria,Janssen - Ad26.COV 2-S,Moderna - Spikevax,Novavax-NUVAXOVID,Pfizer BioNTech - Comirnaty,SII - Covishield",6.0,19770935.0,52.384
Ilhas Cayman,AMRO,REPORTING,2023-05-05,2021-01-15,151822.0,231.013,62085,94.469,60664,92.307,Pfizer BioNTech - Comirnaty,1.0,24064.0,36.616
República Centro-Africana,AFRO,REPORTING,2023-04-30,2021-03-19,2893159.0,59.903,2381935,49.318,2266531,46.928,"Bharat - Covaxin,SII - Covishield",2.0,226816.0,4.696
Chade,AFRO,REPORTING,2023-04-02,2021-06-04,8543941.0,52.015,6254729,38.079,6127422,37.303,Beijing CNBG - BBIBP-CorV,1.0,4042573.0,24.611
Chile,AMRO,REPORTING,2023-05-05,2020-12-21,65788462.0,344.15,18102348,94.696,17712317,92.656,"AstraZeneca - Vaxzevria,CanSino - Convidecia,Moderna - Spikevax,Pfizer BioNTech - Comirnaty,Sinovac - CoronaVac",5.0,15754069.0,82.412
China,WPRO,REPORTING,2023-03-23,2020-07-22,3515872818.0,238.966,1317994878,89.581,1284413713,87.299,"Anhui ZL - Zifivax,Beijing CNBG - BBIBP-CorV,CanSino - Convidecia,IMB - Covidful,Pfizer BioNTech - Comirnaty,Shenzhen - LV-SMENP-DC,Sinovac - CoronaVac,Wuhan CNBG - Inactivated",8.0,833820382.0,56.673
Colômbia,AMRO,REPORTING,2023-05-05,2021-02-17,90506612.0,177.872,43012174,84.532,37019801,72.755,"AstraZeneca - Vaxzevria,Janssen - Ad26.COV 2-S,Moderna - Spikevax,Pfizer BioNTech - Comirnaty,Sinovac - CoronaVac",5.0,14792792.0,29.072
Comores,AFRO,REPORTING,2022-10-02,2021-04-10,835021.0,96.023,438825,50.463,397080,45.662,"Beijing CNBG - BBIBP-CorV,Bharat - Covaxin,SII - Covishield",3.0,,
Congo,AFRO,REPORTING,2022-07-31,2021-03-23,833210.0,15.1,695760,12.609,654119,11.854,"Beijing CNBG - BBIBP-CorV,Gamaleya - Gam-Covid-Vac,Moderna - Spikevax,SII - Covishield",4.0,,
Ilhas Cook,WPRO,REPORTING,2023-01-31,2021-05-17,40080.0,228.194,15112,86.04,14728,83.853,Pfizer BioNTech - Comirnaty,1.0,10240.0,58.301
Costa Rica,AMRO,REPORTING,2023-05-05,2020-12-24,13148135.0,258.104,4633174,90.951,4347590,85.345,"AstraZeneca - Vaxzevria,Moderna - Spikevax,Pfizer BioNTech - Comirnaty",3.0,2926735.0,57.453
Costa do Marfim,AFRO,REPORTING,2023-02-19,2021-03-01,25263932.0,95.776,13568372,51.438,12164304,46.115,"Beijing CNBG - BBIBP-CorV,Gamaleya - Gam-Covid-Vac,Janssen - Ad26.COV 2-S,Pfizer BioNTech - Comirnaty,SII - Covishield",5.0,3138712.0,11.899
Croácia,EURO,REPORTING,2023-05-14,2020-12-23,5432534.0,133.9,2320087,57.205,2246484,55.357,"AstraZeneca - Vaxzevria,Janssen - Ad26.COV 2-S,Moderna - Spikevax,Novavax-NUVAXOVID,Pfizer BioNTech - Comirnaty,Unknown Vaccine",6.0,994329.0,24.502
Cuba,AMRO,REPORTING,2023-05-05,,38066013.0,336.076,10736398,94.789,10013394,88.406,"CIGB - CIGB-66,Finlay - Soberana Plus,Finlay - Soberana-02",3.0,8724326.0,77.025
Curaçao,AMRO,REPORTING,2023-05-05,2021-02-24,260324.0,158.644,108601,66.183,100885,61.48,"AstraZeneca - Vaxzevria,Moderna - Spikevax,Pfizer BioNTech - Comirnaty",3.0,43138.0,26.289
Chipre,EURO,REPORTING,2023-05-14,2020-12-23,1858796.0,209.3,669185,75.366,656113,73.886,"AstraZeneca - Vaxzevria,Janssen - Ad26.COV 2-S,Moderna - Spikevax,Novavax-NUVAXOVID,Pfizer BioNTech - Comirnaty",5.0,487363.0,54.883
República Tcheca,EURO,REPORTING,2023-05-14,2020-12-23,18614118.0,174.1,6972084,65.197,6887797,64.408,"AstraZeneca - Vaxzevria,Janssen - Ad26.COV 2-S,Moderna - Spikevax,Moderna – Spikevax Bivalent Original/Omicron BA.1,Moderna – Spikevax Bivalent Original/Omicron BA.4/BA.5,Novavax-NUVAXOVID,Pfizer BioNTech - Comirnaty,Pfizer BioNTech - Comirnaty Bivalent Original/Omicron BA.1,Pfizer BioNTech - Comirnaty Bivalent Original/Omicron BA.4/BA.5",9.0,4365578.0,40.823
República Democrática do Congo,AFRO,REPORTING,2023-04-16,2021-04-19,16398195.0,18.309,15388889,17.183,12873681,14.374,SII - Covishield,1.0,,
Dinamarca,EURO,REPORTING,2023-05-14,2020-12-16,15002820.0,257.7,4771581,81.947,4736323,81.342,"AstraZeneca - Vaxzevria,Janssen - Ad26.COV 2-S,Moderna - Spikevax,Pfizer BioNTech - Comirnaty,Unknown Vaccine",5.0,3638964.0,62.495
Djibouti,EMRO,REPORTING,2023-04-18,2021-03-15,392703.0,39.747,372077,37.66,351712,35.598,"AstraZeneca - Vaxzevria,Beijing CNBG - BBIBP-CorV,Bharat - Covaxin,CanSino - Convidecia,Gamaleya - Gam-Covid-Vac,Gamaleya - Sputnik-Light,Janssen - Ad26.COV 2-S,Moderna - Spikevax,Pfizer BioNTech - Comirnaty,SII - Covishield,Sinovac - CoronaVac",11.0,,
Dominica,AMRO,REPORTING,2023-05-05,2021-02-12,67647.0,93.966,32995,45.832,30659,42.587,"AstraZeneca - Vaxzevria,Beijing CNBG - BBIBP-CorV,Moderna - Spikevax,Pfizer BioNTech - Comirnaty,SII - Covishield",5.0,3993.0,5.547
República Dominicana,AMRO,REPORTING,2023-05-05,2021-02-16,15964027.0,147.162,7319510,67.474,6092990,56.167,"AstraZeneca - Vaxzevria,Beijing CNBG - BBIBP-CorV,Pfizer BioNTech - Comirnaty,SII - Covishield,Sinovac - CoronaVac",5.0,2551527.0,23.521
Equador,AMRO,REPORTING,2023-02-24,2021-01-20,39495110.0,223.856,15329151,86.885,14233323,80.674,"AstraZeneca - Vaxzevria,CanSino - Convidecia,Pfizer BioNTech - Comirnaty,Sinovac - CoronaVac",4.0,7708466.0,43.691
Egito,EMRO,REPORTING,2023-05-21,2021-01-24,112673535.0,110.103,56907319,55.609,42337175,41.371,"AstraZeneca - Vaxzevria,Beijing CNBG - BBIBP-CorV,Bharat - Covaxin,CanSino - Convidecia,Gamaleya - Gam-Covid-Vac,Gamaleya - Sputnik-Light,Janssen - Ad26.COV 2-S,Moderna - Spikevax,Pfizer BioNTech - Comirnaty,Sinovac - CoronaVac",10.0,15217352.0,14.87
El Salvador,AMRO,REPORTING,2023-05-05,2021-02-17,11418655.0,176.045,4655023,71.768,4392340,67.718,"AstraZeneca - Vaxzevria,Beijing CNBG - BBIBP-CorV,Moderna - Spikevax,Pfizer BioNTech - Comirnaty,SII - Covishield,Sinovac - CoronaVac",6.0,1895934.0,29.23
Guiné Equatorial,AFRO,REPORTING,2022-07-24,2021-02-12,488738.0,34.836,270109,19.252,214032,15.255,"Beijing CNBG - BBIBP-CorV,Sinovac - CoronaVac",2.0,4597.0,0.328
Eritreia,AFRO,REPORTING,2022-07-03,,,,0,0.0,0,0.0,NaN,,,
Estônia,EURO,REPORTING,2023-04-16,2020-12-23,2204078.0,165.8,845066,63.588,842103,63.365,"AstraZeneca - Vaxzevria,Janssen - Ad26.COV 2-S,Moderna - Spikevax,Moderna – Spikevax Bivalent Original/Omicron BA.1,Moderna – Spikevax Bivalent Original/Omicron BA.4/BA.5,Novavax-NUVAXOVID,Pfizer BioNTech - Comirnaty,Pfizer BioNTech - Comirnaty Bivalent Original/Omicron BA.1,Pfizer BioNTech - Comirnaty Bivalent Original/Omicron BA.4/BA.5",9.0,487178.0,36.658
Essuatíni,AFRO,REPORTING,2023-05-07,2021-03-19,853821.0,73.595,526050,45.343,422499,36.417,"Janssen - Ad26.COV 2-S,Pfizer BioNTech - Comirnaty,SII - Covishield",3.0,172398.0,14.86
Etiópia,AFRO,REPORTING,2023-05-07,2021-03-13,54041862.0,47.008,44073766,38.337,37637944,32.739,"Beijing CNBG - BBIBP-CorV,Bharat - Covaxin,Janssen - Ad26.COV 2-S,SII - Covishield",4.0,2855358.0,2.484
Falkland Islands (Malvinas),AMRO,REPORTING,2022-06-21,,9390.0,269.595,3220,92.449,2976,85.444,AstraZeneca - AZD1222,1.0,2543.0,73.012
Ilhas Faroe,EURO,OWID,2022-02-18,,103894.0,212.614,41715,85.368,40895,83.69,"Moderna - mRNA-1273, Pfizer BioNTech - Comirnaty",2.0,21284.0,43.557
Fiji,WPRO,REPORTING,2023-03-23,2021-03-07,1554370.0,173.393,711950,79.419,641068,71.512,"AstraZeneca - Vaxzevria,Moderna - Spikevax,SII - Covishield",3.0,171594.0,19.142
Finlândia,EURO,REPORTING,2023-05-14,2020-12-23,13261002.0,240.0,4547283,82.299,4364702,78.995,"AstraZeneca - Vaxzevria,Janssen - Ad26.COV 2-S,Moderna - Spikevax,Pfizer BioNTech - Comirnaty,Unknown Vaccine",5.0,3087911.0,55.887
França,EURO,REPORTING,2023-05-14,2020-12-23,158014193.0,234.7,54673588,81.214,53184085,79.002,"AstraZeneca - Vaxzevria,Janssen - Ad26.COV 2-S,Moderna - Spikevax,Moderna – Spikevax Bivalent Original/Omicron BA.1,Moderna – Spikevax Bivalent Original/Omicron BA.4/BA.5,Novavax-NUVAXOVID,Pfizer BioNTech - Comirnaty,Pfizer BioNTech - Comirnaty Bivalent Original/Omicron BA.4/BA.5,Unknown Vaccine",9.0,41033495.0,60.953
Guiana Francesa,AMRO,REPORTING,2023-05-05,2021-01-13,242092.0,81.053,100271,33.571,90446,30.282,"Janssen - Ad26.COV 2-S,Moderna - Spikevax,Pfizer BioNTech - Comirnaty",3.0,46312.0,15.505
Polinésia Francesa,WPRO,REPORTING,2023-01-31,2021-01-18,471948.0,168.008,190908,67.961,186803,66.5,"Janssen - Ad26.COV 2-S,Pfizer BioNTech - Comirnaty",2.0,81177.0,28.898
Gabão,AFRO,REPORTING,2023-02-05,2021-03-23,572672.0,25.73,311244,13.984,257471,11.568,"Beijing CNBG - BBIBP-CorV,Gamaleya - Gam-Covid-Vac,Pfizer BioNTech - Comirnaty",3.0,2592.0,0.116
Gâmbia,AFRO,REPORTING,2023-03-19,2021-03-10,1444492.0,59.772,674314,27.903,539186,22.311,"Beijing CNBG - BBIBP-CorV,SII - Covishield",2.0,53741.0,2.224
Geórgia,EURO,REPORTING,2023-04-16,2021-03-17,2738178.0,68.6,1300473,32.6,1186709,29.748,"AstraZeneca - Vaxzevria,Beijing CNBG - BBIBP-CorV,Pfizer BioNTech - Comirnaty,Sinovac - CoronaVac",4.0,250996.0,6.292
Alemanha,EURO,REPORTING,2023-05-14,2020-12-23,193232623.0,232.3,64867380,77.997,63564301,76.43,"AstraZeneca - Vaxzevria,Janssen - Ad26.COV 2-S,Moderna - Spikevax,Moderna – Spikevax Bivalent Original/Omicron  - Generic,Novavax-NUVAXOVID,Pfizer BioNTech - Comirnaty,Pfizer BioNTech - Comirnaty Bivalent Original/Omicron - Generic,Unknown Vaccine,Valneva - VLA2001",9.0,52141945.0,62.696
Gana,AFRO,REPORTING,2023-03-26,2021-03-02,22384226.0,72.038,13221421,42.55,10170298,32.73,"Gamaleya - Gam-Covid-Vac,SII - Covishield",2.0,4062970.0,13.076
Gibraltar,EURO,OWID,2022-12-16,,132810.0,394.2,42175,125.182,41465,123.074,"AstraZeneca - AZD1222, Pfizer BioNTech - Comirnaty",2.0,49170.0,145.944
Grécia,EURO,REPORTING,2023-05-14,2020-12-23,21982946.0,205.1,7916291,73.856,7744496,72.253,"AstraZeneca - Vaxzevria,Janssen - Ad26.COV 2-S,Moderna - Spikevax,Novavax-NUVAXOVID,Pfizer BioNTech - Comirnaty,Pfizer BioNTech - Comirnaty Bivalent Original/Omicron BA.1,Pfizer BioNTech - Comirnaty Bivalent Original/Omicron BA.4/BA.5",7.0,5902227.0,55.065
Groenlândia,EURO,OWID,2022-03-14,,79738.0,140.453,41227,72.619,38511,67.834,Moderna - mRNA-1273,1.0,,
Granada,AMRO,REPORTING,2023-05-05,2021-02-15,90686.0,80.593,44241,39.317,39034,34.69,"AstraZeneca - Vaxzevria,Janssen - Ad26.COV 2-S,Moderna - Spikevax,Pfizer BioNTech - Comirnaty,SII - Covishield",5.0,7411.0,6.586
Guadalupe,AMRO,REPORTING,2023-05-05,2021-01-08,399976.0,99.963,152096,38.012,146069,36.506,"AstraZeneca - Vaxzevria,Janssen - Ad26.COV 2-S,Moderna - Spikevax,Novavax-NUVAXOVID,Pfizer BioNTech - Comirnaty",7.0,88977.0,22.237
Guam,WPRO,REPORTING,2023-01-31,2021-01-04,352698.0,208.975,135612,80.351,128788,76.308,"Janssen - Ad26.COV 2-S,Moderna - Spikevax,Pfizer BioNTech - Comirnaty",3.0,83603.0,49.535
Guatemala,AMRO,REPORTING,2023-05-05,2021-02-25,20357782.0,113.632,8932924,49.861,7125460,39.772,"AstraZeneca - Vaxzevria,Gamaleya - Gam-Covid-Vac,Moderna - Spikevax,Pfizer BioNTech - Comirnaty,SII - Covishield",5.0,3715127.0,20.737
Guernsey,EURO,OWID,2022-12-19,,178525.0,276.92,54223,84.108,52710,81.761,"Moderna - mRNA-1273, AstraZeneca - AZD1222, Pfizer BioNTech - Comirnaty",3.0,69339.0,107.556
Guiné,AFRO,REPORTING,2023-04-02,2021-03-05,10645240.0,81.058,7679918,58.479,4725982,35.986,"Beijing CNBG - BBIBP-CorV,Gamaleya - Gam-Covid-Vac,Janssen - Ad26.COV 2-S,Pfizer BioNTech - Comirnaty,SII - Covishield,Sinovac - CoronaVac",6.0,302545.0,2.304
Guiné-Bissau,AFRO,REPORTING,2023-04-23,2021-04-02,810299.0,41.174,733271,37.26,533741,27.121,"Beijing CNBG - BBIBP-CorV,SII - Covishield",2.0,48905.0,2.485
Guiana,AMRO,REPORTING,2023-05-05,2021-02-11,960133.0,122.069,495285,62.969,381984,48.564,"AstraZeneca - Vaxzevria,Beijing CNBG - BBIBP-CorV,Gamaleya - Gam-Covid-Vac,Janssen - Ad26.COV 2-S,Moderna - Spikevax,Pfizer BioNTech - Comirnaty,SII - Covishield",7.0,77874.0,9.901
Haiti,AMRO,REPORTING,2023-05-05,,608275.0,5.335,465761,4.085,294528,2.583,"Janssen - Ad26.COV 2-S,Moderna - Spikevax",2.0,,
Honduras,AMRO,REPORTING,2023-05-05,2021-02-22,16963148.0,171.265,6596213,66.597,5853689,59.101,"AstraZeneca - Vaxzevria,Gamaleya - Gam-Covid-Vac,Janssen - Ad26.COV 2-S,Moderna - Spikevax,Pfizer BioNTech - Comirnaty,SII - Covishield",6.0,4513621.0,45.571
Hungria,EURO,REPORTING,2023-05-14,2020-12-23,16569954.0,169.6,6358513,65.085,6151876,62.97,"AstraZeneca - Vaxzevria,Beijing CNBG - BBIBP-CorV,Gamaleya - Gam-Covid-Vac,Janssen - Ad26.COV 2-S,Moderna - Spikevax,Pfizer BioNTech - Comirnaty,Pfizer BioNTech - Comirnaty Bivalent Original/Omicron BA.1,Sinovac - CoronaVac",8.0,3868577.0,39.598
Islândia,EURO,REPORTING,2023-04-16,2020-12-30,869976.0,238.9,307269,84.403,297921,81.816,"AstraZeneca - Vaxzevria,Janssen - Ad26.COV 2-S,Moderna - Spikevax,Novavax-NUVAXOVID,Pfizer BioNTech - Comirnaty",5.0,254556.0,69.907
Índia,SEARO,REPORTING,2023-05-16,2021-01-16,2206693803.0,159.905,1025818315,74.334,952113078,68.993,"Bharat - Covaxin,Biological E - Corbevax,Gamaleya - Gam-Covid-Vac,Janssen - Ad26.COV 2-S,Moderna - Spikevax,SII - Covishield,SII - Covovax,Zydus - ZyCov-D",8.0,228762410.0,16.577
Indonésia,SEARO,REPORTING,2023-01-17,2021-01-13,444303130.0,162.437,203657535,74.457,172693321,63.137,"AstraZeneca - Vaxzevria,Beijing CNBG - BBIBP-CorV,Janssen - Ad26.COV 2-S,Moderna - Spikevax,Novavax-NUVAXOVID,Pfizer BioNTech - Comirnaty,Sinovac - CoronaVac",7.0,67952274.0,24.843
Iran (Islamic Republic of),EMRO,REPORTING,2023-05-14,2021-02-09,155369313.0,184.979,65176455,77.598,58562244,69.723,"AstraZeneca - Vaxzevria,Beijing CNBG - BBIBP-CorV,Bharat - Covaxin,CanSino - Convidecia,Finlay - Soberana-02,Gamaleya - Gam-Covid-Vac,Gamaleya - Sputnik-Light,Janssen - Ad26.COV 2-S,Moderna - Spikevax,Pfizer BioNTech - Comirnaty,Shifa - COVIran Barakat,Sinovac - CoronaVac",12.0,28562306.0,34.006
Iraque,EMRO,REPORTING,2023-01-02,2021-03-02,19557364.0,48.623,11332925,28.176,7944775,19.752,"AstraZeneca - Vaxzevria,Beijing CNBG - BBIBP-CorV,Bharat - Covaxin,CanSino - Convidecia,Gamaleya - Gam-Covid-Vac,Gamaleya - Sputnik-Light,Janssen - Ad26.COV 2-S,Moderna - Spikevax,Pfizer BioNTech - Comirnaty,Sinovac - CoronaVac",10.0,275280.0,0.684
Irlanda,EURO,REPORTING,2023-05-14,2020-12-30,12377654.0,249.3,4107919,85.49,4062518,81.832,"AstraZeneca - Vaxzevria,Janssen - Ad26.COV 2-S,Moderna - Spikevax,Novavax-NUVAXOVID,Pfizer BioNTech - Comirnaty",5.0,3056320.0,61.564
Ilha de Man,EURO,OWID,2022-06-23,,189994.0,223.438,69560,81.804,67106,78.919,"Moderna - mRNA-1273, AstraZeneca - AZD1222, Pfizer BioNTech - Comirnaty",3.0,53328.0,62.715
Israel,EURO,REPORTING,2022-06-05,2020-12-16,15026951.0,173.6,7055466,81.514,6385731,73.776,"AstraZeneca - Vaxzevria,Moderna - Spikevax,Pfizer BioNTech - Comirnaty",3.0,1585754.0,18.321
Itália,EURO,REPORTING,2023-05-14,2020-12-23,150311519.0,252.0,50580760,84.812,49483812,82.969,"AstraZeneca - Vaxzevria,Janssen - Ad26.COV 2-S,Moderna - Spikevax,Moderna – Spikevax Bivalent Original/Omicron BA.1,Moderna – Spikevax Bivalent Original/Omicron BA.4/BA.5,Novavax-NUVAXOVID,Pfizer BioNTech - Comirnaty,Pfizer BioNTech - Comirnaty Bivalent Original/Omicron BA.1,Pfizer BioNTech - Comirnaty Bivalent Original/Omicron BA.4/BA.5",9.0,44914882.0,75.308
Jamaica,AMRO,REPORTING,2023-05-05,2021-03-10,1524924.0,51.497,857227,28.949,757930,25.596,"AstraZeneca - Vaxzevria,Beijing CNBG - BBIBP-CorV,Janssen - Ad26.COV 2-S,Pfizer BioNTech - Comirnaty,SII - Covishield,Sinovac - CoronaVac",6.0,45971.0,1.552
Japão,WPRO,REPORTING,2023-03-30,2021-02-17,383172235.0,302.959,104688694,82.773,103356948,81.72,"AstraZeneca - Vaxzevria,Moderna - Spikevax,Novavax-NUVAXOVID,Pfizer BioNTech - Comirnaty",4.0,86352491.0,68.276
Jersey,EURO,OWID,2023-01-29,,266953.0,247.646,84365,78.264,81882,75.96,"Moderna - mRNA-1273, AstraZeneca - AZD1222, Pfizer BioNTech - Comirnaty",3.0,73662.0,68.335
Jordânia,EMRO,REPORTING,2022-08-21,2021-01-13,10057975.0,98.577,4821579,47.256,4558313,44.676,"AstraZeneca - Vaxzevria,Beijing CNBG - BBIBP-CorV,Bharat - Covaxin,CanSino - Convidecia,Gamaleya - Gam-Covid-Vac,Gamaleya - Sputnik-Light,Janssen - Ad26.COV 2-S,Moderna - Spikevax,Pfizer BioNTech - Comirnaty,Sinovac - CoronaVac",10.0,682211.0,6.686
Cazaquistão,EURO,REPORTING,2023-03-26,2021-04-07,33732027.0,179.6,12385925,65.964,13067200,69.593,"Beijing CNBG - BBIBP-CorV,Gamaleya - Gam-Covid-Vac,Pfizer BioNTech - Comirnaty,RIBSP - QazVac,Sinovac - CoronaVac",5.0,6756767.0,35.985
Quênia,AFRO,REPORTING,2023-04-02,2021-03-05,23750431.0,44.169,14494372,26.956,11090440,20.625,"Beijing CNBG - BBIBP-CorV,Janssen - Ad26.COV 2-S,Moderna - Spikevax,Pfizer BioNTech - Comirnaty,SII - Covishield",5.0,2000636.0,3.721
Kiribati,WPRO,REPORTING,2023-02-06,2021-05-26,219980.0,184.162,100900,84.471,81474,68.208,"AstraZeneca - Vaxzevria,Beijing CNBG - BBIBP-CorV",2.0,37606.0,31.483
Kosovo,EURO,REPORTING,2023-01-15,2021-03-31,1836901.0,102.3,904558,50.375,824752,45.93,"AstraZeneca - Vaxzevria,Pfizer BioNTech - Comirnaty",2.0,105624.0,5.882
Kuwait,EMRO,REPORTING,2023-05-21,2020-12-28,8260247.0,193.423,3457022,80.95,3345706,78.343,"AstraZeneca - Vaxzevria,Beijing CNBG - BBIBP-CorV,Bharat - Covaxin,CanSino - Convidecia,Gamaleya - Gam-Covid-Vac,Gamaleya - Sputnik-Light,Janssen - Ad26.COV 2-S,Moderna - Spikevax,Pfizer BioNTech - Comirnaty,Sinovac - CoronaVac",10.0,1457519.0,34.129
Quirguistão,EURO,REPORTING,2023-04-16,2021-03-31,3111072.0,47.7,1508959,23.129,1326178,20.327,"AstraZeneca - Vaxzevria,Beijing CNBG - BBIBP-CorV,Gamaleya - Gam-Covid-Vac,Moderna - Spikevax,Pfizer BioNTech - Comirnaty,RIBSP - QazVac",6.0,275935.0,4.229
República Democrática Popular do Laos,WPRO,REPORTING,2023-01-19,2020-11-25,13667658.0,187.857,6290492,86.461,5648517,77.637,"AstraZeneca - Vaxzevria,Beijing CNBG - BBIBP-CorV,Gamaleya - Gam-Covid-Vac,Gamaleya - Sputnik-Light,Janssen - Ad26.COV 2-S,Pfizer BioNTech - Comirnaty,SII - Covishield,Sinovac - CoronaVac",8.0,2359576.0,32.432
Letônia,EURO,REPORTING,2023-05-14,2020-12-30,2978080.0,156.1,1344301,70.468,1304678,68.391,"AstraZeneca - Vaxzevria,Janssen - Ad26.COV 2-S,Moderna - Spikevax,Moderna – Spikevax Bivalent Original/Omicron BA.1,Novavax-NUVAXOVID,Pfizer BioNTech - Comirnaty,Pfizer BioNTech - Comirnaty Bivalent Original/Omicron BA.1,Pfizer BioNTech - Comirnaty Bivalent Original/Omicron BA.4/BA.5,Unknown Vaccine",9.0,550533.0,28.859
Líbano,EMRO,REPORTING,2022-12-22,2021-02-14,5814699.0,85.192,2740227,40.147,2414223,35.371,"AstraZeneca - Vaxzevria,Beijing CNBG - BBIBP-CorV,Bharat - Covaxin,CanSino - Convidecia,Gamaleya - Gam-Covid-Vac,Gamaleya - Sputnik-Light,Janssen - Ad26.COV 2-S,Moderna - Spikevax,Pfizer BioNTech - Comirnaty,Sinovac - CoronaVac",10.0,660249.0,9.673
Lesoto,AFRO,REPORTING,2023-03-19,2021-03-10,1339097.0,62.509,1014073,47.337,938088,43.79,"Beijing CNBG - BBIBP-CorV,Janssen - Ad26.COV 2-S,SII - Covishield",3.0,177816.0,8.3
Libéria,AFRO,REPORTING,2022-12-11,2021-04-01,4460668.0,88.196,3903802,77.186,3730967,73.768,SII - Covishield,1.0,1987.0,0.039
Líbia,EMRO,REPORTING,2023-01-16,2021-04-11,3739158.0,54.417,2316327,33.71,1236102,17.989,"AstraZeneca - Vaxzevria,Beijing CNBG - BBIBP-CorV,Bharat - Covaxin,CanSino - Convidecia,Gamaleya - Gam-Covid-Vac,Gamaleya - Sputnik-Light,Janssen - Ad26.COV 2-S,Moderna - Spikevax,Pfizer BioNTech - Comirnaty,Sinovac - CoronaVac",10.0,186729.0,2.718
Liechtenstein,OTHER,REPORTING,2022-04-10,2021-01-06,71104.0,183.5,26681,68.86,26346,67.995,"Janssen - Ad26.COV 2-S,Moderna - Spikevax,Pfizer BioNTech - Comirnaty",3.0,18310.0,47.255
Lituânia,EURO,REPORTING,2023-05-14,2020-12-23,4532276.0,162.2,1956451,70.175,1907015,68.252,"AstraZeneca - Vaxzevria,Janssen - Ad26.COV 2-S,Moderna - Spikevax,Pfizer BioNTech - Comirnaty,Unknown Vaccine",5.0,902024.0,32.283
Luxemburgo,EURO,REPORTING,2023-05-14,2020-12-30,1337742.0,213.7,469267,74.95,462709,73.902,"AstraZeneca - Vaxzevria,Janssen - Ad26.COV 2-S,Moderna - Spikevax,Moderna – Spikevax Bivalent Original/Omicron BA.1,Novavax-NUVAXOVID,Pfizer BioNTech - Comirnaty,Pfizer BioNTech - Comirnaty Bivalent Original/Omicron BA.1,Pfizer BioNTech - Comirnaty Bivalent Original/Omicron BA.4/BA.5",8.0,368474.0,58.852
Madagascar,AFRO,REPORTING,2023-05-07,2021-05-10,2940399.0,10.619,2569590,9.28,2489918,8.992,"Beijing CNBG - BBIBP-CorV,Janssen - Ad26.COV 2-S,SII - Covishield",3.0,154441.0,0.558
Malawi,AFRO,REPORTING,2023-05-07,2021-03-11,8114454.0,42.418,5205668,27.212,4073415,21.293,"Janssen - Ad26.COV 2-S,SII - Covishield",2.0,1089448.0,5.695
Malásia,WPRO,REPORTING,2023-05-07,2021-02-24,72618279.0,224.366,28135227,86.928,27548723,85.116,"AstraZeneca - Vaxzevria,Beijing CNBG - BBIBP-CorV,CanSino - Convidecia,Gamaleya - Gam-Covid-Vac,Janssen - Ad26.COV 2-S,Moderna - Spikevax,Pfizer BioNTech - Comirnaty,Sinovac - CoronaVac",8.0,16331270.0,50.458
Maldivas,SEARO,REPORTING,2023-05-07,2021-02-01,951742.0,176.071,399304,73.871,385160,71.254,"AstraZeneca - Vaxzevria,Beijing CNBG - BBIBP-CorV,Gamaleya - Gam-Covid-Vac,Janssen - Ad26.COV 2-S,Moderna - Spikevax,Pfizer BioNTech - Comirnaty,SII - Covishield,Sinovac - CoronaVac",8.0,167278.0,30.946
Mali,AFRO,REPORTING,2023-04-16,2021-03-31,5793606.0,28.609,4271977,21.095,3537483,17.468,SII - Covishield,1.0,,
Malta,EURO,REPORTING,2023-05-14,2020-12-23,1280134.0,248.8,450522,87.554,444899,86.461,"AstraZeneca - Vaxzevria,Janssen - Ad26.COV 2-S,Moderna - Spikevax,Pfizer BioNTech - Comirnaty",4.0,352628.0,68.529
Ilhas Marshall,WPRO,REPORTING,2023-03-24,2020-12-29,110742.0,187.083,47077,79.53,40689,68.738,"Janssen - Ad26.COV 2-S,Moderna - Spikevax,Pfizer BioNTech - Comirnaty",3.0,18559.0,31.353
Martinica,AMRO,REPORTING,2023-05-05,,401657.0,107.033,150780,40.18,145515,38.777,"AstraZeneca - Vaxzevria,Pfizer BioNTech - Comirnaty",2.0,92894.0,24.754
Mauritânia,AFRO,REPORTING,2023-04-16,2021-03-26,4068530.0,87.502,2101025,45.187,1537893,33.075,"Beijing CNBG - BBIBP-CorV,SII - Covishield",2.0,383743.0,8.253
Maurício,AFRO,REPORTING,2023-05-07,2021-01-26,2615058.0,205.624,1123773,88.363,1088142,85.561,"Beijing CNBG - BBIBP-CorV,Bharat - Covaxin,SII - Covishield",3.0,640351.0,50.351
México,AMRO,REPORTING,2023-05-05,2020-12-24,222226293.0,172.358,96727823,75.022,81346379,63.092,"AstraZeneca - Vaxzevria,CanSino - Convidecia,CIGB - CIGB-66,Gamaleya - Gam-Covid-Vac,Janssen - Ad26.COV 2-S,Moderna - Spikevax,Pfizer BioNTech - Comirnaty,Sinovac - CoronaVac",8.0,57014052.0,44.22
Micronesia (Federated States of),WPRO,REPORTING,2023-03-28,2021-01-13,198749.0,172.791,83871,72.917,80910,70.342,"AstraZeneca - Vaxzevria,Janssen - Ad26.COV 2-S,Moderna - Spikevax,Pfizer BioNTech - Comirnaty",4.0,30537.0,26.549
Mônaco,EURO,REPORTING,2022-12-04,2021-06-30,71027.0,181.0,25319,64.517,24933,63.533,"AstraZeneca - Vaxzevria,Janssen - Ad26.COV 2-S,Moderna - Spikevax,Novavax - Covavax,Novavax-NUVAXOVID,Pfizer BioNTech - Comirnaty,Unknown Vaccine",7.0,17806.0,45.373
Mongólia,WPRO,REPORTING,2023-03-17,2021-02-23,5668144.0,172.899,2284018,69.671,2185282,66.659,"AstraZeneca - Vaxzevria,Beijing CNBG - BBIBP-CorV,Gamaleya - Gam-Covid-Vac,Moderna - Spikevax,Pfizer BioNTech - Comirnaty,SII - Covishield",6.0,1058839.0,32.299
Montenegro,EURO,REPORTING,2022-12-04,2021-02-24,523735.0,83.4,272152,43.763,251583,40.456,"AstraZeneca - Vaxzevria,Beijing CNBG - BBIBP-CorV,Gamaleya - Gam-Covid-Vac,Pfizer BioNTech - Comirnaty,Unknown Vaccine",5.0,0.0,0.0
Montserrat,AMRO,REPORTING,2023-05-05,2021-02-08,4619.0,92.398,2104,42.088,1952,39.048,"AstraZeneca - Vaxzevria,Pfizer BioNTech - Comirnaty",2.0,563.0,11.262
Marrocos,EMRO,REPORTING,2023-05-14,2021-01-28,55389602.0,150.064,25020168,67.786,23521989,63.727,"AstraZeneca - Vaxzevria,Beijing CNBG - BBIBP-CorV,Bharat - Covaxin,CanSino - Convidecia,Gamaleya - Gam-Covid-Vac,Gamaleya - Sputnik-Light,Janssen - Ad26.COV 2-S,Moderna - Spikevax,Pfizer BioNTech - Comirnaty,Sinovac - CoronaVac",10.0,6884356.0,18.651
Moçambique,AFRO,REPORTING,2023-04-23,2021-03-08,29457535.0,94.248,19939353,63.795,19765811,63.24,"Beijing CNBG - BBIBP-CorV,Janssen - Ad26.COV 2-S,SII - Covishield",3.0,1260643.0,4.033
Mianmar,SEARO,REPORTING,2022-06-18,2021-01-27,64549994.0,118.637,34777314,63.917,27545329,50.626,"Beijing CNBG - BBIBP-CorV,SII - Covishield",2.0,2227351.0,4.094
Namíbia,AFRO,REPORTING,2023-05-07,2021-03-19,990210.0,38.971,616288,24.255,538763,21.204,"Beijing CNBG - BBIBP-CorV,Janssen - Ad26.COV 2-S,Pfizer BioNTech - Comirnaty,SII - Covishield",4.0,298531.0,11.749
Nauru,WPRO,REPORTING,2023-02-20,2021-04-09,32157.0,296.816,13106,120.971,11346,104.726,"AstraZeneca - Vaxzevria,SII - Covishield",2.0,7705.0,71.119
Nepal,SEARO,REPORTING,2023-05-23,2021-01-27,61933902.0,212.562,27797754,95.404,24369133,83.637,"AstraZeneca - Vaxzevria,Beijing CNBG - BBIBP-CorV,Bharat - Covaxin,Gamaleya - Gam-Covid-Vac,Janssen - Ad26.COV 2-S,Moderna - Spikevax,Pfizer BioNTech - Comirnaty,SII - Covishield",8.0,9767015.0,33.521
Holanda,EURO,REPORTING,2022-09-11,2021-01-06,36105753.0,207.4,12776868,73.398,11957152,68.689,"AstraZeneca - Vaxzevria,Janssen - Ad26.COV 2-S,Moderna - Spikevax,Novavax-NUVAXOVID,Pfizer BioNTech - Comirnaty,Unknown Vaccine",6.0,9417108.0,54.098
Nova Caledônia,WPRO,REPORTING,2023-04-03,2021-01-20,480497.0,168.301,192371,67.381,184801,64.729,"Janssen - Ad26.COV 2-S,Pfizer BioNTech - Comirnaty",2.0,103325.0,36.191
Nova Zelândia,WPRO,REPORTING,2023-04-21,2021-02-19,12252378.0,254.081,4241210,87.951,4084115,84.693,"AstraZeneca - Vaxzevria,Janssen - Ad26.COV 2-S,Novavax-NUVAXOVID,Pfizer BioNTech - Comirnaty",4.0,2719283.0,56.391
Nicarágua,AMRO,REPORTING,2023-05-05,2021-03-03,15328476.0,231.389,6260823,94.509,6091122,91.948,"AstraZeneca - Vaxzevria,Beijing CNBG - BBIBP-CorV,CIGB - CIGB-66,Finlay - Soberana Plus,Finlay - Soberana-02,Gamaleya - Gam-Covid-Vac,Gamaleya - Sputnik-Light,Janssen - Ad26.COV 2-S,Moderna - Spikevax,Pfizer BioNTech - Comirnaty,SII - Covishield",11.0,2892531.0,43.664
Níger,AFRO,REPORTING,2023-03-12,2021-03-29,7339299.0,30.319,6217508,25.685,5454196,22.532,"Beijing CNBG - BBIBP-CorV,SII - Covishield",2.0,,
Nígeria,AFRO,REPORTING,2023-03-19,2021-03-05,116606863.0,56.567,82325196,39.937,69793071,33.857,SII - Covishield,1.0,12313372.0,5.973
Niue,WPRO,REPORTING,2023-03-04,2021-06-08,4923.0,304.265,1638,101.236,1635,101.051,Pfizer BioNTech - Comirnaty,1.0,1225.0,75.711
Macedônia do Norte,EURO,REPORTING,2023-05-07,2021-02-17,1862987.0,89.4,854570,41.159,838181,40.37,"AstraZeneca - Vaxzevria,Beijing CNBG - BBIBP-CorV,Gamaleya - Gam-Covid-Vac,Moderna - Spikevax,Pfizer BioNTech - Comirnaty,Sinovac - CoronaVac,Wuhan CNBG - Inactivated",7.0,161633.0,7.785
Northern Mariana Islands (Commonwealth of the),WPRO,REPORTING,2022-11-04,2020-12-19,116159.0,201.816,46466,80.73,45012,78.204,"Janssen - Ad26.COV 2-S,Moderna - Spikevax,Pfizer BioNTech - Comirnaty",3.0,24235.0,42.106
Noruega,EURO,REPORTING,2023-05-14,2020-12-23,12333824.0,229.8,4347099,80.988,4062092,75.678,"AstraZeneca - Vaxzevria,Janssen - Ad26.COV 2-S,Moderna - Spikevax,Pfizer BioNTech - Comirnaty",4.0,3020359.0,56.27
Território palestino ocupado,EMRO,REPORTING,2022-10-18,2021-02-02,3748571.0,73.481,2012767,39.455,1776973,34.833,"AstraZeneca - Vaxzevria,Beijing CNBG - BBIBP-CorV,Bharat - Covaxin,CanSino - Convidecia,Gamaleya - Gam-Covid-Vac,Gamaleya - Sputnik-Light,Janssen - Ad26.COV 2-S,Moderna - Spikevax,Pfizer BioNTech - Comirnaty,Sinovac - CoronaVac",10.0,336967.0,6.605
Omã,EMRO,REPORTING,2022-10-25,2020-12-29,7086050.0,138.762,3257365,63.787,3048826,59.703,"AstraZeneca - Vaxzevria,Beijing CNBG - BBIBP-CorV,Bharat - Covaxin,CanSino - Convidecia,Gamaleya - Gam-Covid-Vac,Gamaleya - Sputnik-Light,Janssen - Ad26.COV 2-S,Moderna - Spikevax,Pfizer BioNTech - Comirnaty,SII - Covishield,Sinovac - CoronaVac",11.0,779859.0,15.272
Paquistão,EMRO,REPORTING,2023-05-21,2021-02-03,338819393.0,153.387,165546707,74.945,140440424,63.579,"AstraZeneca - Vaxzevria,Beijing CNBG - BBIBP-CorV,Bharat - Covaxin,CanSino - Convidecia,Gamaleya - Gam-Covid-Vac,Gamaleya - Sputnik-Light,Janssen - Ad26.COV 2-S,Moderna - Spikevax,Pfizer BioNTech - Comirnaty,SII - Covishield,Sinovac - CoronaVac",11.0,51054254.0,23.113
Palau,WPRO,REPORTING,2023-03-10,2021-01-03,51032.0,282.069,18573,102.659,18278,101.028,"Janssen - Ad26.COV 2-S,Moderna - Spikevax,Pfizer BioNTech - Comirnaty",3.0,12885.0,71.219
Panamá,AMRO,REPORTING,2023-05-05,2021-01-20,8878948.0,205.78,3532289,81.865,3173771,73.556,"AstraZeneca - Vaxzevria,Pfizer BioNTech - Comirnaty",2.0,1769291.0,41.005
Papua New Guiné,WPRO,REPORTING,2023-05-14,2021-03-30,525873.0,5.878,384117,4.293,323175,3.612,"AstraZeneca - Vaxzevria,Beijing CNBG - BBIBP-CorV,Janssen - Ad26.COV 2-S,SII - Covishield",4.0,34810.0,0.389
Paraguai,AMRO,REPORTING,2023-05-05,2021-02-22,9708932.0,136.122,3992209,55.972,3545972,49.715,"AstraZeneca - Vaxzevria,Beijing CNBG - BBIBP-CorV,Bharat - Covaxin,Gamaleya - Gam-Covid-Vac,Julphar - Hayat-Vax,Moderna - Spikevax,Pfizer BioNTech - Comirnaty,Sinovac - CoronaVac",8.0,1660654.0,23.283
Peru,AMRO,REPORTING,2023-05-05,2021-02-09,89218831.0,270.591,30469892,92.412,28637674,86.855,"AstraZeneca - Vaxzevria,Beijing CNBG - BBIBP-CorV,Moderna - Spikevax,Pfizer BioNTech - Comirnaty",4.0,22094790.0,67.011
Filipinas,WPRO,REPORTING,2023-03-09,2021-03-01,170690206.0,155.766,78480056,71.618,74049515,67.575,"AstraZeneca - Vaxzevria,Beijing CNBG - BBIBP-CorV,Bharat - Covaxin,Gamaleya - Gam-Covid-Vac,Gamaleya - Sputnik-Light,Janssen - Ad26.COV 2-S,Julphar - Hayat-Vax,Moderna - Spikevax,Novavax-NUVAXOVID,Pfizer BioNTech - Comirnaty,Sinovac - CoronaVac",11.0,21756899.0,19.855
Ilhas Pitcairn,WPRO,REPORTING,2022-02-28,2021-05-17,138.0,276.0,55,110.0,37,74.0,AstraZeneca - Vaxzevria,1.0,23.0,46.0
Polônia,EURO,REPORTING,2023-05-14,2020-12-23,58206296.0,153.3,22982713,60.548,22703730,59.813,"AstraZeneca - Vaxzevria,Janssen - Ad26.COV 2-S,Moderna - Spikevax,Novavax-NUVAXOVID,Pfizer BioNTech - Comirnaty",5.0,12530960.0,33.013
Portugal,EURO,REPORTING,2023-05-14,2020-12-23,27771091.0,269.7,9786666,95.215,8901440,86.456,"AstraZeneca - Vaxzevria,Beijing CNBG - BBIBP-CorV,Bharat - Covaxin,Janssen - Ad26.COV 2-S,Moderna - Spikevax,Moderna – Spikevax Bivalent Original/Omicron BA.1,Moderna – Spikevax Bivalent Original/Omicron BA.4/BA.5,Novavax-NUVAXOVID,Pfizer BioNTech - Comirnaty,Pfizer BioNTech - Comirnaty Bivalent Original/Omicron BA.1,Pfizer BioNTech - Comirnaty Bivalent Original/Omicron BA.4/BA.5,Sinovac - CoronaVac",12.0,7053415.0,68.507
Porto Rico,AMRO,REPORTING,2023-05-05,,7838884.0,274.005,2904859,101.538,2687623,93.945,"Janssen - Ad26.COV 2-S,Moderna - Spikevax,Novavax-NUVAXOVID,Pfizer BioNTech - Comirnaty",4.0,1807449.0,63.179
Catar,EMRO,REPORTING,2023-05-07,,7609178.0,264.111,2852178,98.998,2852178,98.998,"AstraZeneca - Vaxzevria,Beijing CNBG - BBIBP-CorV,Bharat - Covaxin,CanSino - Convidecia,Gamaleya - Gam-Covid-Vac,Gamaleya - Sputnik-Light,Janssen - Ad26.COV 2-S,Moderna - Spikevax,Pfizer BioNTech - Comirnaty,Sinovac - CoronaVac",10.0,1904822.0,66.115
República da Coréia,WPRO,REPORTING,2023-03-30,2021-02-26,135716807.0,264.714,44891328,87.56,42964865,83.803,"AstraZeneca - Vaxzevria,Janssen - Ad26.COV 2-S,Moderna - Spikevax,Novavax-NUVAXOVID,Pfizer BioNTech - Comirnaty",5.0,33643872.0,65.622
República da Moldávia,EURO,REPORTING,2023-05-14,2021-03-03,2287894.0,56.7,1108735,27.485,1078250,26.729,"AstraZeneca - Vaxzevria,Beijing CNBG - BBIBP-CorV,Gamaleya - Gam-Covid-Vac,Janssen - Ad26.COV 2-S,Moderna - Spikevax,Pfizer BioNTech - Comirnaty,Sinovac - CoronaVac",7.0,402330.0,9.974
Romênia,EURO,REPORTING,2023-05-07,2021-01-27,16110007.0,83.3,8187839,42.361,8142015,42.124,"AstraZeneca - Vaxzevria,Janssen - Ad26.COV 2-S,Moderna - Spikevax,Pfizer BioNTech - Comirnaty",4.0,1768563.0,9.15
Federação Russa,EURO,OWID,2023-05-16,,186678610.0,127.9,88798804,60.848,79701705,54.615,"SRCVB - EpiVacCorona, Gamaleya - Sputnik V",2.0,,
Ruanda,AFRO,REPORTING,2023-01-01,2021-03-05,26106436.0,201.56,10572981,81.631,9897876,76.418,"Beijing CNBG - BBIBP-CorV,Gamaleya - Gam-Covid-Vac,Janssen - Ad26.COV 2-S,Moderna - Spikevax,Pfizer BioNTech - Comirnaty,SII - Covishield,Sinovac - CoronaVac",7.0,5879013.0,45.39
Sabá,AMRO,REPORTING,2023-05-05,,4979.0,257.579,1687,87.274,1667,86.239,NaN,,1170.0,60.528
"Santa Helena, Ascensão e Tristão da Cunha",AFRO,OWID,2021-05-05,,7892.0,129.995,4361,71.833,3531,58.162,AstraZeneca - AZD1222,1.0,,
São Cristóvão e Névis,AMRO,REPORTING,2023-05-05,2021-02-22,64297.0,120.877,33794,63.532,27000,50.76,"AstraZeneca - Vaxzevria,Pfizer BioNTech - Comirnaty,SII - Covishield",3.0,3465.0,6.514
Santa Lúcia,AMRO,REPORTING,2023-05-05,2021-02-17,122977.0,66.971,60140,32.751,54971,29.936,"AstraZeneca - Vaxzevria,Janssen - Ad26.COV 2-S,Moderna - Spikevax,Pfizer BioNTech - Comirnaty,SII - Covishield",5.0,7866.0,4.284
São Vicente e Granadinas,AMRO,REPORTING,2023-05-05,2021-02-01,73443.0,66.201,37532,33.831,31632,28.513,"AstraZeneca - Vaxzevria,Gamaleya - Gam-Covid-Vac,Gamaleya - Sputnik-Light,Pfizer BioNTech - Comirnaty,SII - Covishield",5.0,4279.0,3.857
Samoa,WPRO,REPORTING,2023-02-24,2021-04-18,453130.0,228.376,191403,96.466,177954,89.688,"AstraZeneca - Vaxzevria,Pfizer BioNTech - Comirnaty",2.0,82268.0,41.463
San Marino,EURO,REPORTING,2022-05-22,2021-02-24,69338.0,204.3,26357,76.501,23633,68.595,"Gamaleya - Gam-Covid-Vac,Pfizer BioNTech - Comirnaty",2.0,19348.0,56.158
São Tomé e Príncipe,AFRO,REPORTING,2023-05-07,2021-03-15,262837.0,119.93,140256,63.997,111986,51.098,"AstraZeneca - Vaxzevria,SII - Covishield",2.0,34494.0,15.739
Arábia Saudita,EMRO,REPORTING,2023-04-25,2021-01-06,68534631.0,196.86,27041364,77.674,25433941,73.057,"AstraZeneca - Vaxzevria,Beijing CNBG - BBIBP-CorV,Bharat - Covaxin,CanSino - Convidecia,Gamaleya - Gam-Covid-Vac,Gamaleya - Sputnik-Light,Janssen - Ad26.COV 2-S,Moderna - Spikevax,Pfizer BioNTech - Comirnaty,Sinovac - CoronaVac",10.0,16059326.0,46.129
Senegal,AFRO,REPORTING,2023-05-07,2021-02-23,2936343.0,17.537,2684696,16.034,1442833,8.617,"Beijing CNBG - BBIBP-CorV,Janssen - Ad26.COV 2-S,SII - Covishield",3.0,815965.0,4.873
Sérvia,EURO,REPORTING,2023-03-05,2020-12-23,6722671.0,97.1,3398116,49.058,3324555,47.996,"AstraZeneca - Vaxzevria,Beijing CNBG - BBIBP-CorV,Gamaleya - Gam-Covid-Vac,Moderna - Spikevax,Pfizer BioNTech - Comirnaty",5.0,0.0,0.0
Seychelles,AFRO,REPORTING,2023-04-09,2021-01-10,224558.0,228.332,88520,90.008,83565,84.97,"Beijing CNBG - BBIBP-CorV,Gamaleya - Gam-Covid-Vac,Julphar - Hayat-Vax,SII - Covishield",4.0,44936.0,45.691
Serra Leoa,AFRO,REPORTING,2023-04-30,2021-03-15,7548308.0,94.626,5113414,64.102,4311705,54.052,"Beijing CNBG - BBIBP-CorV,SII - Covishield",2.0,759720.0,9.524
Singapura,WPRO,REPORTING,2023-03-28,2020-12-30,14904028.0,254.755,5156281,88.136,5119313,87.505,"AstraZeneca - Vaxzevria,Beijing CNBG - BBIBP-CorV,Moderna - Spikevax,Pfizer BioNTech - Comirnaty",4.0,4628434.0,79.114
Santo Eustáquio,AMRO,REPORTING,2023-05-05,,4319.0,137.592,1791,57.056,1686,53.711,NaN,,767.0,24.435
São Martinho,AMRO,REPORTING,2023-05-05,2021-02-22,66829.0,155.844,29788,69.465,26773,62.434,"AstraZeneca - Vaxzevria,Moderna - Spikevax,Pfizer BioNTech - Comirnaty",3.0,9146.0,21.328
Eslováquia,EURO,REPORTING,2023-05-14,2020-12-23,7220974.0,132.3,2839390,52.024,2791155,51.14,"AstraZeneca - Vaxzevria,Gamaleya - Gam-Covid-Vac,Janssen - Ad26.COV 2-S,Moderna - Spikevax,Novavax-NUVAXOVID,Pfizer BioNTech - Comirnaty,Unknown Vaccine",7.0,1686204.0,30.895
Eslovênia,EURO,REPORTING,2023-05-14,2020-12-23,3009930.0,143.6,1223424,58.373,1193132,56.928,"AstraZeneca - Vaxzevria,Janssen - Ad26.COV 2-S,Moderna - Spikevax,Moderna – Spikevax Bivalent Original/Omicron  - Generic,Novavax-NUVAXOVID,Pfizer BioNTech - Comirnaty,Pfizer BioNTech - Comirnaty Bivalent Original/Omicron - Generic,Unknown Vaccine",8.0,650669.0,31.045
Ilhas Salomão,WPRO,REPORTING,2023-04-30,2021-03-23,610594.0,88.893,334834,48.747,252585,36.773,"AstraZeneca - Vaxzevria,Beijing CNBG - BBIBP-CorV,Pfizer BioNTech - Comirnaty,SII - Covishield",4.0,27444.0,3.995
Somália,EMRO,REPORTING,2023-04-30,2021-03-16,9443849.0,59.421,8370355,52.666,7035193,44.265,"AstraZeneca - Vaxzevria,Beijing CNBG - BBIBP-CorV,Bharat - Covaxin,CanSino - Convidecia,Gamaleya - Gam-Covid-Vac,Gamaleya - Sputnik-Light,Janssen - Ad26.COV 2-S,Moderna - Spikevax,Pfizer BioNTech - Comirnaty,SII - Covishield,Sinovac - CoronaVac",11.0,,
África do Sul,AFRO,REPORTING,2023-04-30,2021-02-17,38813021.0,65.442,24165157,40.745,21038797,35.473,"Janssen - Ad26.COV 2-S,Pfizer BioNTech - Comirnaty",2.0,4377439.0,7.381
Sudão do Sul,AFRO,REPORTING,2023-05-07,2021-04-06,4312900.0,38.53,4262480,38.079,4220606,37.705,"Janssen - Ad26.COV 2-S,SII - Covishield",2.0,440238.0,3.933
Espanha,EURO,REPORTING,2023-05-14,2020-12-30,112806846.0,238.3,41326543,87.311,37482295,79.189,"AstraZeneca - Vaxzevria,Janssen - Ad26.COV 2-S,Moderna - Spikevax,Pfizer BioNTech - Comirnaty",4.0,26557455.0,56.108
Sri Lanka,SEARO,REPORTING,2022-10-30,2021-01-29,40116590.0,187.345,17143761,80.061,14752827,68.896,"AstraZeneca - Vaxzevria,Beijing CNBG - BBIBP-CorV,Gamaleya - Gam-Covid-Vac,Moderna - Spikevax,Pfizer BioNTech - Comirnaty,SII - Covishield",6.0,8220002.0,38.387
Sudão,EMRO,REPORTING,2023-04-02,2021-03-09,22598737.0,51.537,15207452,34.681,13416394,30.597,"AstraZeneca - Vaxzevria,Beijing CNBG - BBIBP-CorV,Bharat - Covaxin,CanSino - Convidecia,Gamaleya - Gam-Covid-Vac,Gamaleya - Sputnik-Light,Janssen - Ad26.COV 2-S,Moderna - Spikevax,Pfizer BioNTech - Comirnaty,SII - Covishield,Sinovac - CoronaVac",11.0,3891363.0,8.874
Suriname,AMRO,REPORTING,2023-05-05,2021-02-23,554588.0,94.538,267820,45.654,237879,40.55,"AstraZeneca - Vaxzevria,Beijing CNBG - BBIBP-CorV,Moderna - Spikevax,Pfizer BioNTech - Comirnaty,SII - Covishield",5.0,48889.0,8.334
Suécia,EURO,REPORTING,2023-05-14,2020-12-23,23221955.0,224.9,7470334,72.334,7332646,71.001,"AstraZeneca - Vaxzevria,Moderna - Spikevax,Novavax-NUVAXOVID,Pfizer BioNTech - Comirnaty,Unknown Vaccine",5.0,5540679.0,53.649
Suíça,EURO,REPORTING,2023-05-14,2020-12-23,16754460.0,193.6,6096538,70.84,5722923,66.499,"Janssen - Ad26.COV 2-S,Moderna - Spikevax,Moderna – Spikevax Bivalent Original/Omicron BA.1,Novavax-NUVAXOVID,Pfizer BioNTech - Comirnaty,Pfizer BioNTech - Comirnaty Bivalent Original/Omicron BA.1",6.0,4995324.0,58.044
República Árabe da Síria,EMRO,REPORTING,2023-04-18,2021-04-01,5090630.0,29.088,3295630,18.831,2358365,13.476,"AstraZeneca - Vaxzevria,Beijing CNBG - BBIBP-CorV,Bharat - Covaxin,CanSino - Convidecia,Gamaleya - Gam-Covid-Vac,Gamaleya - Sputnik-Light,Janssen - Ad26.COV 2-S,Moderna - Spikevax,Pfizer BioNTech - Comirnaty,SII - Covishield,Sinovac - CoronaVac",11.0,75881.0,0.434
Tajiquistão,EURO,REPORTING,2022-12-04,2021-03-24,18871161.0,197.9,5311967,55.695,5170582,54.212,"AstraZeneca - Vaxzevria,Gamaleya - Gam-Covid-Vac,Moderna - Spikevax,Pfizer BioNTech - Comirnaty,SII - Covishield,Sinovac - CoronaVac",6.0,5200841.0,54.53
Tailândia,SEARO,REPORTING,2023-04-28,2021-02-28,139178079.0,199.396,57628237,82.562,54162023,77.596,"AstraZeneca - Vaxzevria,Beijing CNBG - BBIBP-CorV,Janssen - Ad26.COV 2-S,Moderna - Spikevax,Pfizer BioNTech - Comirnaty,SII - Covishield,SII - Covovax,Sinovac - CoronaVac",8.0,27387819.0,39.238
Reino Unido,EURO,REPORTING,2022-09-11,2020-12-21,151248820.0,222.8,53813491,79.068,50762968,74.586,"AstraZeneca - Vaxzevria,Moderna - Spikevax,Pfizer BioNTech - Comirnaty",3.0,,
Timor-Leste,SEARO,REPORTING,2023-05-23,2021-04-07,2018182.0,153.073,883930,67.043,799362,60.629,"AstraZeneca - Vaxzevria,Pfizer BioNTech - Comirnaty,SII - Covishield,Sinovac - CoronaVac",4.0,334890.0,25.4
Togo,AFRO,REPORTING,2023-04-02,2021-03-10,3401991.0,41.093,2246404,27.135,1554066,18.772,SII - Covishield,1.0,427804.0,5.168
Tokelau,WPRO,REPORTING,2022-12-05,2021-07-20,6342.0,469.778,2203,163.185,2203,163.185,Pfizer BioNTech - Comirnaty,1.0,968.0,71.704
Tonga,WPRO,REPORTING,2023-04-30,2021-04-14,204640.0,193.614,87345,82.639,77366,73.197,"AstraZeneca - Vaxzevria,Pfizer BioNTech - Comirnaty",2.0,38545.0,36.468
Trinidad e Tobago,AMRO,REPORTING,2023-05-05,2021-02-17,1589640.0,113.587,754399,53.905,718969,51.374,"AstraZeneca - Vaxzevria,Beijing CNBG - BBIBP-CorV,Janssen - Ad26.COV 2-S,Pfizer BioNTech - Comirnaty,SII - Covishield",5.0,174836.0,12.493
Tunísia,EMRO,REPORTING,2023-05-16,2021-03-13,13249798.0,112.11,7218622,61.078,6399770,54.15,"AstraZeneca - Vaxzevria,Beijing CNBG - BBIBP-CorV,Bharat - Covaxin,CanSino - Convidecia,Gamaleya - Gam-Covid-Vac,Gamaleya - Sputnik-Light,Janssen - Ad26.COV 2-S,Moderna - Spikevax,Pfizer BioNTech - Comirnaty,Sinovac - CoronaVac",10.0,1257890.0,10.643
Turquia,EURO,REPORTING,2023-01-29,,139694693.0,,50974980,61.919,50670345,60.935,"Pfizer BioNTech - Comirnaty, Sinovac - CoronaVac, Turkovac",3.0,27896331.0,33.547
Turcomenistão,EURO,REPORTING,2023-02-05,2021-02-24,13040514.0,216.2,3359468,55.702,3358426,55.684,"Anhui ZL - Zifivax,AstraZeneca - Vaxzevria,Beijing CNBG - BBIBP-CorV,Gamaleya - Gam-Covid-Vac,RIBSP - QazVac,SRCVB - EpiVacCorona,Unknown Vaccine",7.0,3171535.0,52.586
Ilhas Turks e Caicos,AMRO,REPORTING,2023-05-05,2021-01-11,73907.0,190.885,32815,84.754,30710,79.317,Pfizer BioNTech - Comirnaty,1.0,7443.0,19.224
Tuvalu,WPRO,REPORTING,2023-02-01,2021-04-13,26783.0,227.129,9763,82.793,9505,80.605,AstraZeneca - Vaxzevria,1.0,5745.0,48.719
Uganda,AFRO,REPORTING,2023-03-26,2021-03-10,26406936.0,57.731,19488104,42.605,13043107,28.515,"Janssen - Ad26.COV 2-S,Moderna - Spikevax,Pfizer BioNTech - Comirnaty,SII - Covishield,Sinovac - CoronaVac",5.0,745313.0,1.629
Ucrânia,EURO,REPORTING,2022-02-27,2021-02-24,31668577.0,72.4,15774300,36.069,15153577,34.65,"AstraZeneca - Vaxzevria,Janssen - Ad26.COV 2-S,Moderna - Spikevax,Pfizer BioNTech - Comirnaty,SII - Covishield,Sinovac - CoronaVac",6.0,741197.0,1.695
Emirados Árabes Unidos,EMRO,REPORTING,2022-07-06,,24922054.0,251.982,9991089,101.018,9792266,99.008,"AstraZeneca - Vaxzevria,Beijing CNBG - BBIBP-CorV,Bharat - Covaxin,CanSino - Convidecia,Gamaleya - Gam-Covid-Vac,Gamaleya - Sputnik-Light,Janssen - Ad26.COV 2-S,Moderna - Spikevax,Pfizer BioNTech - Comirnaty,SII - Covishield,Sinovac - CoronaVac",11.0,5138699.0,51.956
República Unida da Tanzânia,AFRO,REPORTING,2023-03-12,2021-07-28,39392419.0,65.946,34434933,57.647,32165791,53.848,"Beijing CNBG - BBIBP-CorV,Janssen - Ad26.COV 2-S,Pfizer BioNTech - Comirnaty",3.0,,
Estados Unidos da América,AMRO,REPORTING,2023-05-05,2020-12-14,668168096.0,201.862,267224818,80.732,227895076,68.85,"Janssen - Ad26.COV 2-S,Moderna - Spikevax,Novavax-NUVAXOVID,Pfizer BioNTech - Comirnaty",4.0,116556397.0,35.213
Uruguai,AMRO,REPORTING,2023-05-05,2021-02-27,9018326.0,259.615,3009646,86.64,2902292,83.55,"AstraZeneca - Vaxzevria,Pfizer BioNTech - Comirnaty,Sinovac - CoronaVac",3.0,2079662.0,59.868
Uzbequistão,EURO,REPORTING,2023-04-16,2021-04-28,75807715.0,226.5,21717290,64.887,18147665,54.222,"Anhui ZL - Zifivax,Gamaleya - Gam-Covid-Vac,Gamaleya - Sputnik-Light,Janssen - Ad26.COV 2-S,Moderna - Spikevax,Pfizer BioNTech - Comirnaty,SII - Covishield,Sinovac - CoronaVac,Unknown Vaccine",9.0,15454425.0,46.175
Vanuatu,WPRO,REPORTING,2023-02-20,2021-06-02,355430.0,115.721,176624,57.505,162250,52.825,"AstraZeneca - Vaxzevria,Beijing CNBG - BBIBP-CorV,Janssen - Ad26.COV 2-S",3.0,16556.0,5.39
Venezuela (Bolivarian Republic of),AMRO,REPORTING,2023-05-05,2021-02-22,37860994.0,133.145,22157232,77.92,14287370,50.244,"Beijing CNBG - BBIBP-CorV,CIGB - CIGB-66,Finlay - Soberana-02,Gamaleya - Gam-Covid-Vac,Gamaleya - Sputnik-Light,Sinovac - CoronaVac",6.0,651502.0,2.291
Vietnã,WPRO,REPORTING,2023-05-11,2021-03-08,266312906.0,273.594,90259259,92.727,85931210,88.281,"AstraZeneca - Vaxzevria,Beijing CNBG - BBIBP-CorV,CIGB - CIGB-66,Gamaleya - Gam-Covid-Vac,Moderna - Spikevax,Pfizer BioNTech - Comirnaty",6.0,57930065.0,59.514
Wallis e Futuna,WPRO,REPORTING,2023-01-23,2021-03-19,17303.0,153.859,7150,63.578,6803,60.493,Moderna - Spikevax,1.0,3350.0,29.788
Iêmen,EMRO,REPORTING,2023-04-18,2021-04-20,1275368.0,4.276,1032545,3.462,788707,2.644,"AstraZeneca - Vaxzevria,Beijing CNBG - BBIBP-CorV,Bharat - Covaxin,CanSino - Convidecia,Gamaleya - Gam-Covid-Vac,Gamaleya - Sputnik-Light,Janssen - Ad26.COV 2-S,Moderna - Spikevax,Pfizer BioNTech - Comirnaty,SII - Covishield,Sinovac - CoronaVac",11.0,63989.0,0.215
Zâmbia,AFRO,REPORTING,2023-04-09,2021-04-14,13614983.0,74.059,11637730,63.304,9147920,49.76,"Beijing CNBG - BBIBP-CorV,Janssen - Ad26.COV 2-S,SII - Covishield",3.0,1137360.0,6.187
Zimbábue,AFRO,REPORTING,2023-04-30,2021-02-18,13935112.0,93.758,7194886,48.408,5381080,36.205,"Beijing CNBG - BBIBP-CorV,Bharat - Covaxin,Gamaleya - Gam-Covid-Vac,Sinovac - CoronaVac",4.0,1981996.0,13.335
